date,raw_close,adjusted_close,volume
2019-09-13,17.2,,531155.0
2019-09-16,17.55,,21786.0
2019-09-17,17.07,,13559.0
2019-09-18,17.18,,17121.0
2019-09-19,17.2,,21643.0
2019-09-20,17.25,,13420.0
2019-09-23,17.09,,5903.0
2019-09-24,17.09,,4985.0
2019-09-25,17.13,,8256.0
2019-09-26,17.19,,15661.0
2019-09-27,17.14,,21577.0
2019-09-30,17.14,,1533.0
2019-10-01,17.09,,7378.0
2019-10-02,17.06,,17866.0
2019-10-03,17.04,,7080.0
2019-10-04,17.11,,25883.0
2019-10-07,17.11,,1323.0
2019-10-08,16.59,,2248.0
2019-10-09,16.61,,726.0
2019-10-10,16.59,,6489.0
2019-10-11,16.97,,864.0
2019-10-14,16.82,,5079.0
2019-10-15,16.69,,6741.0
2019-10-16,16.77,,2652.0
2019-10-17,16.61,,3806.0
2019-10-18,16.78,,2123.0
2019-10-21,16.66,,778.0
2019-10-22,16.64,,953.0
2019-10-23,16.81,,1449.0
2019-10-24,16.81,,2749.0
2019-10-25,16.86,,20562.0
2019-10-28,16.59,,36399.0
2019-10-29,16.87,,8901.0
2019-10-30,17.04,,43338.0
2019-10-31,17.04,,6154.0
2019-11-01,17.08,,12705.0
2019-11-04,16.88,,6804.0
2019-11-05,16.88,,2.0
2019-11-06,17.04,,1152.0
2019-11-07,16.87,,2118.0
2019-11-08,16.89,,657.0
2019-11-11,16.94,,6013.0
2019-11-12,16.94,,1537.0
2019-11-13,16.99,,4143.0
2019-11-14,16.95,,4540.0
2019-11-15,17.07,,15170.0
2019-11-18,17.08,,1568.0
2019-11-19,16.88,,1765.0
2019-11-20,16.95,,9240.0
2019-11-21,16.65,,13355.0
2019-11-22,16.97,,24051.0
2019-11-25,17.21,,18276.0
2019-11-26,17.34,,20041.0
2019-11-27,17.33,,1957.0
2019-11-29,17.06,,1200.0
2019-12-02,17.34,,22552.0
2019-12-03,17.34,,17688.0
2019-12-04,17.59,,30690.0
2019-12-05,17.72,,20324.0
2019-12-06,17.79,,17165.0
2019-12-09,17.9,,45588.0
2019-12-10,17.99,,29763.0
2019-12-11,17.76,,20264.0
2019-12-12,17.99,,24966.0
2019-12-13,18.17,,60796.0
2019-12-16,18.21,,106652.0
2019-12-17,18.62,,105455.0
2019-12-18,18.92,,91844.0
2019-12-19,18.61,,67718.0
2019-12-20,18.56,,503786.0
2019-12-23,18.36,,15965.0
2019-12-24,18.49,,1697.0
2019-12-26,18.42,,7321.0
2019-12-27,18.27,,31006.0
2019-12-30,18.49,,32923.0
2019-12-31,18.34,,35705.0
2020-01-02,17.99,,52016.0
2020-01-03,18.28,,47333.0
2020-01-06,18.28,,23140.0
2020-01-07,17.87,,17979.0
2020-01-08,17.76,,14201.0
2020-01-09,17.46,,36286.0
2020-01-10,17.19,,27436.0
2020-01-13,17.0,,83810.0
2020-01-14,17.17,,88052.0
2020-01-15,16.95,,16533.0
2020-01-16,16.99,,45055.0
2020-01-17,17.2,,7523.0
2020-01-21,16.99,,10549.0
2020-01-22,16.83,,22959.0
2020-01-23,16.83,,9433.0
2020-01-24,16.79,,1308.0
2020-01-27,17.05,,22792.0
2020-01-28,16.98,,4624.0
2020-01-29,17.05,,59622.0
2020-01-30,16.87,,195654.0
2020-01-31,16.59,,10758.0
2020-02-03,16.53,,43522.0
2020-02-04,16.44,,144057.0
2020-02-05,17.13,,78237.0
2020-02-06,17.04,,16835.0
2020-02-07,17.09,,5991.0
2020-02-10,17.45,,16578.0
2020-02-11,17.24,,5799.0
2020-02-12,17.27,,13219.0
2020-02-13,17.17,,10948.0
2020-02-14,17.22,,12930.0
2020-02-18,17.18,,1983.0
2020-02-19,17.23,,7634.0
2020-02-20,17.14,,5206.0
2020-02-21,17.19,,10412.0
2020-02-24,16.93,,10255.0
2020-02-25,16.57,,5492.0
2020-02-26,16.55,,1832.0
2020-02-27,16.2,,14169.0
2020-02-28,15.95,,19108.0
2020-03-02,16.4,,11188.0
2020-03-03,15.09,,43030.0
2020-03-04,15.04,,16597.0
2020-03-05,14.62,,21050.0
2020-03-06,14.04,,23025.0
2020-03-09,12.59,,32236.0
2020-03-10,12.13,,157554.0
2020-03-11,12.7,,11986.0
2020-03-12,12.16,,40800.0
2020-03-13,12.23,,22071.0
2020-03-16,11.03,,26703.0
2020-03-17,13.17,,24965.0
2020-03-18,12.01,,22704.0
2020-03-19,11.72,,14610.0
2020-03-20,11.44,,34530.0
2020-03-23,12.12,,17669.0
2020-03-24,11.14,,25017.0
2020-03-25,11.38,,44752.0
2020-03-26,11.64,,34278.0
2020-03-27,10.97,,14469.0
2020-03-30,12.19,,23287.0
2020-03-31,12.16,,71037.0
2020-04-01,10.9,,18874.0
2020-04-02,12.62,,28742.0
2020-04-03,11.36,,34365.0
2020-04-06,12.64,,34900.0
2020-04-07,12.64,,35425.0
2020-04-08,12.73,,22363.0
2020-04-09,13.05,,19693.0
2020-04-13,12.98,,5845.0
2020-04-14,12.69,,12468.0
2020-04-15,11.72,,10013.0
2020-04-16,11.14,,21615.0
2020-04-17,11.54,,11022.0
2020-04-20,11.4,,12946.0
2020-04-21,11.74,,5996.0
2020-04-22,11.82,,7265.0
2020-04-23,11.95,,13045.0
2020-04-24,12.0,,38836.0
2020-04-27,11.84,,7026.0
2020-04-28,12.4,,7606.0
2020-04-29,12.96,,8107.0
2020-04-30,12.64,,10391.0
2020-05-01,12.33,,16626.0
2020-05-04,12.78,,25879.0
2020-05-05,12.66,,16586.0
2020-05-06,12.39,,8462.0
2020-05-07,12.56,,10024.0
2020-05-08,13.01,,14027.0
2020-05-11,12.9,,16567.0
2020-05-12,12.14,,23723.0
2020-05-13,12.14,,21330.0
2020-05-14,12.25,,17573.0
2020-05-15,13.16,,35854.0
2020-05-18,13.4,,27814.0
2020-05-19,13.2,,14137.0
2020-05-20,13.47,,24896.0
2020-05-21,13.45,,26430.0
2020-05-22,13.51,,16471.0
2020-05-26,13.64,,31034.0
2020-05-27,13.97,,20041.0
2020-05-28,14.2,,15198.0
2020-05-29,13.77,,17267.0
2020-06-01,13.96,,31245.0
2020-06-02,14.25,,11004.0
2020-06-03,14.64,,17614.0
2020-06-04,15.73,,45580.0
2020-06-05,16.91,,25301.0
2020-06-08,17.1,,77606.0
2020-06-09,16.91,,60087.0
2020-06-10,16.89,,58958.0
2020-06-11,15.85,,50150.0
2020-06-12,16.02,,39327.0
2020-06-15,15.96,,66378.0
2020-06-16,16.34,,32538.0
2020-06-17,15.77,,58791.0
2020-06-18,15.92,,67927.0
2020-06-19,15.8,,58195.0
2020-06-22,15.86,,65400.0
2020-06-23,16.0,,85658.0
2020-06-24,15.46,,50153.0
2020-06-25,15.74,,121031.0
2020-06-26,14.68,,1362057.0
2020-06-29,15.14,,38779.0
2020-06-30,15.55,,55265.0
2020-07-01,15.3,,46354.0
2020-07-02,15.28,,29142.0
2020-07-06,15.38,,23356.0
2020-07-07,15.36,,49054.0
2020-07-08,14.43,,48655.0
2020-07-09,14.63,,69368.0
2020-07-10,14.87,,29406.0
2020-07-13,14.99,,31298.0
2020-07-14,14.9,,15123.0
2020-07-15,15.29,,50020.0
2020-07-16,15.23,,15264.0
2020-07-17,15.27,,18421.0
2020-07-20,15.12,,20833.0
2020-07-21,15.28,,45968.0
2020-07-22,15.23,,18490.0
2020-07-23,15.48,,19821.0
2020-07-24,15.58,,18294.0
2020-07-27,15.15,,8822.0
2020-07-28,15.73,,17107.0
2020-07-29,15.77,,23408.0
2020-07-30,15.63,,17925.0
2020-07-31,15.17,,28461.0
2020-08-03,15.3,,28325.0
2020-08-04,15.29,,17553.0
2020-08-05,15.29,,28370.0
2020-08-06,15.28,,16378.0
2020-08-07,16.02,,72321.0
2020-08-10,16.63,,56884.0
2020-08-11,17.07,,42845.0
2020-08-12,17.19,,30913.0
2020-08-13,17.24,,12712.0
2020-08-14,17.26,,20817.0
2020-08-17,17.24,,11942.0
2020-08-18,17.15,,14062.0
2020-08-19,17.12,,22127.0
2020-08-20,16.7,,12720.0
2020-08-21,16.54,,28545.0
2020-08-24,16.31,,15705.0
2020-08-25,16.64,,19310.0
2020-08-26,16.31,,16905.0
2020-08-27,16.64,,22000.0
2020-08-28,16.64,,17865.0
2020-08-31,16.38,,16711.0
2020-09-01,16.54,,19799.0
2020-09-02,16.54,,29202.0
2020-09-03,16.79,,22075.0
2020-09-04,16.89,,29210.0
2020-09-08,17.24,,77522.0
2020-09-09,17.76,,52723.0
2020-09-10,17.9,,42868.0
2020-09-11,17.73,,50093.0
2020-09-14,18.16,,61157.0
2020-09-15,18.21,,37413.0
2020-09-16,18.57,,59500.0
2020-09-17,18.1,,29279.0
2020-09-18,18.06,,352279.0
2020-09-21,14.84,,46566.0
2020-09-22,15.11,,18753.0
2020-09-23,13.88,,46489.0
2020-09-24,14.19,,17575.0
2020-09-25,14.66,,35682.0
2020-09-28,15.2,,21887.0
2020-09-29,15.11,,12610.0
2020-09-30,15.54,,38522.0
2020-10-01,15.72,,40294.0
2020-10-02,16.57,,12840.0
2020-10-05,17.06,,22444.0
2020-10-06,16.31,,40564.0
2020-10-07,17.4,,26794.0
2020-10-08,18.15,,21051.0
2020-10-09,18.09,,13237.0
2020-10-12,18.29,,9577.0
2020-10-13,17.62,,10326.0
2020-10-14,17.21,,7884.0
2020-10-15,17.94,,9656.0
2020-10-16,17.74,,25893.0
2020-10-19,17.52,,6038.0
2020-10-20,18.29,,23891.0
2020-10-21,18.39,,33395.0
2020-10-22,18.51,,20835.0
2020-10-23,18.3,,18787.0
2020-10-26,18.19,,11116.0
2020-10-27,17.91,,14722.0
2020-10-28,17.73,,16057.0
2020-10-29,17.98,,20734.0
2020-10-30,17.45,,17873.0
2020-11-02,17.93,,18313.0
2020-11-03,18.68,,28814.0
2020-11-04,18.69,,9797.0
2020-11-05,18.85,,27033.0
2020-11-06,17.75,,20730.0
2020-11-09,19.01,,66923.0
2020-11-10,20.21,,76711.0
2020-11-11,20.34,,21861.0
2020-11-12,19.81,,22660.0
2020-11-13,20.25,,16230.0
2020-11-16,21.09,,37082.0
2020-11-17,20.77,,23370.0
2020-11-18,20.51,,18416.0
2020-11-19,20.63,,9041.0
2020-11-20,20.75,,22346.0
2020-11-23,19.71,,19157.0
2020-11-24,21.08,,42001.0
2020-11-25,21.01,,14389.0
2020-11-27,21.01,,7379.0
2020-11-30,19.97,,15804.0
2020-12-01,20.58,,18455.0
2020-12-02,20.95,,15984.0
2020-12-03,20.76,,7543.0
2020-12-04,20.92,,17780.0
2020-12-07,21.11,,35007.0
2020-12-08,21.29,,27487.0
2020-12-09,21.37,,44128.0
2020-12-10,21.69,,19360.0
2020-12-11,21.77,,12471.0
2020-12-14,21.7,,49746.0
2020-12-15,22.44,,57338.0
2020-12-16,22.59,,33019.0
2020-12-17,23.78,,45022.0
2020-12-18,24.84,,187092.0
2020-12-21,24.38,,31714.0
2020-12-22,23.75,,17666.0
2020-12-23,23.75,,34372.0
2020-12-24,23.19,,6520.0
2020-12-28,23.61,,24853.0
2020-12-29,23.48,,17014.0
2020-12-30,24.03,,27628.0
2020-12-31,23.46,,27706.0
2021-01-04,22.63,,33156.0
2021-01-05,23.23,,25292.0
2021-01-06,24.74,,48447.0
2021-01-07,25.29,,27074.0
2021-01-08,25.55,,24901.0
2021-01-11,25.82,,13762.0
2021-01-12,26.62,,32630.0
2021-01-13,25.47,,16637.0
2021-01-14,25.92,,16587.0
2021-01-15,25.1,,12558.0
2021-01-19,24.76,,21803.0
2021-01-20,23.93,,24476.0
2021-01-21,23.78,,22626.0
2021-01-22,24.57,,47390.0
2021-01-25,24.0,,19778.0
2021-01-26,23.6,,19654.0
2021-01-27,21.55,,41214.0
2021-01-28,22.02,,22396.0
2021-01-29,20.15,,32500.0
2021-02-01,21.9,,28943.0
2021-02-02,22.69,,18866.0
2021-02-03,22.31,,20229.0
2021-02-04,22.84,,22888.0
2021-02-05,22.84,,14909.0
2021-02-08,23.92,,20413.0
2021-02-09,23.37,,17708.0
2021-02-10,23.09,,16165.0
2021-02-11,23.32,,24580.0
2021-02-12,23.36,,24329.0
2021-02-16,23.88,,14808.0
2021-02-17,24.14,,20987.0
2021-02-18,23.88,,18965.0
2021-02-19,24.31,,14972.0
2021-02-22,24.46,,10201.0
2021-02-23,25.0,,19801.0
2021-02-24,24.99,,28856.0
2021-02-25,24.12,,20538.0
2021-02-26,23.6,,27945.0
2021-03-01,25.38,,23241.0
2021-03-02,25.26,,18685.0
2021-03-03,25.15,,33650.0
2021-03-04,25.09,,32623.0
2021-03-05,26.4,,32216.0
2021-03-08,27.58,,72222.0
2021-03-09,28.07,,34530.0
2021-03-10,28.89,,45209.0
2021-03-11,29.21,,41290.0
2021-03-12,29.5,,34668.0
2021-03-15,28.31,,33140.0
2021-03-16,28.7,,33730.0
2021-03-17,28.79,,71760.0
2021-03-18,29.39,,74704.0
2021-03-19,30.49,,363821.0
2021-03-22,28.19,,77199.0
2021-03-23,27.15,,79024.0
2021-03-24,27.1,,48999.0
2021-03-25,27.65,,18595.0
2021-03-26,27.74,,20434.0
2021-03-29,26.88,,35409.0
2021-03-30,27.44,,14541.0
2021-03-31,26.02,,55214.0
2021-04-01,27.14,,15209.0
2021-04-05,27.24,,26570.0
2021-04-06,27.38,,15113.0
2021-04-07,26.26,,15728.0
2021-04-08,26.98,,9240.0
2021-04-09,27.55,,18674.0
2021-04-12,27.07,,5409.0
2021-04-13,26.26,,15335.0
2021-04-14,26.82,,8750.0
2021-04-15,26.81,,8117.0
2021-04-16,27.11,,12276.0
2021-04-19,26.96,,14475.0
2021-04-20,25.74,,22682.0
2021-04-21,26.36,,8949.0
2021-04-22,26.21,,20094.0
2021-04-23,26.89,,15532.0
2021-04-26,26.71,,10893.0
2021-04-27,25.93,,18383.0
2021-04-28,25.48,,18219.0
2021-04-29,25.47,,21436.0
2021-04-30,24.99,,27003.0
2021-05-03,25.92,,28773.0
2021-05-04,25.3,,13614.0
2021-05-05,25.15,,13015.0
2021-05-06,25.48,,8926.0
2021-05-07,25.78,,7958.0
2021-05-10,24.76,,15492.0
2021-05-11,25.06,,12512.0
2021-05-12,26.95,,81345.0
2021-05-13,27.81,,40473.0
2021-05-14,28.32,,25610.0
2021-05-17,28.37,,10902.0
2021-05-18,27.54,,27966.0
2021-05-19,27.46,,36199.0
2021-05-20,28.88,,28102.0
2021-05-21,28.26,,16257.0
2021-05-24,28.42,,18323.0
2021-05-25,27.74,,22304.0
2021-05-26,29.23,,35834.0
2021-05-27,29.14,,55365.0
2021-05-28,29.19,,8980.0
2021-06-01,29.96,,30076.0
2021-06-02,29.34,,11402.0
2021-06-03,29.24,,13978.0
2021-06-04,29.34,,16125.0
2021-06-07,29.6,,15337.0
2021-06-08,29.01,,13504.0
2021-06-09,28.43,,27201.0
2021-06-10,28.44,,18896.0
2021-06-11,28.99,,20757.0
2021-06-14,28.76,,11941.0
2021-06-15,29.54,,22642.0
2021-06-16,29.04,,24789.0
2021-06-17,28.0,,37763.0
2021-06-18,29.7,,141868.0
2021-06-21,29.53,,37159.0
2021-06-22,28.9,,25073.0
2021-06-23,28.58,,19433.0
2021-06-24,28.75,,24272.0
2021-06-25,29.0,,81629.0
2021-06-28,27.58,,11082.0
2021-06-29,26.81,,36133.0
2021-06-30,25.41,,42118.0
2021-07-01,26.19,,34392.0
2021-07-02,25.98,,7089.0
2021-07-06,24.84,,14824.0
2021-07-07,24.65,,23286.0
2021-07-08,24.78,,9944.0
2021-07-09,25.46,,9083.0
2021-07-12,25.99,,8927.0
2021-07-13,25.75,,15137.0
2021-07-14,25.18,,10998.0
2021-07-15,25.3,,5676.0
2021-07-16,25.5,,13199.0
2021-07-19,24.46,,13949.0
2021-07-20,25.28,,42562.0
2021-07-21,26.12,,8896.0
2021-07-22,25.32,,8011.0
2021-07-23,25.38,,9763.0
2021-07-26,25.61,,10191.0
2021-07-27,24.5,,10665.0
2021-07-28,24.83,,18315.0
2021-07-29,24.72,,8290.0
2021-07-30,24.35,,9095.0
2021-08-02,24.2,,6889.0
2021-08-03,24.61,,10588.0
2021-08-04,24.66,,22873.0
2021-08-05,25.2,,20204.0
2021-08-06,25.58,,14168.0
2021-08-09,25.23,,6240.0
2021-08-10,26.44,,27786.0
2021-08-11,26.4,,9621.0
2021-08-12,26.16,,12655.0
2021-08-13,25.8,,4484.0
2021-08-16,25.25,,17187.0
2021-08-17,24.6,,22942.0
2021-08-18,23.6,,15083.0
2021-08-19,23.88,,28224.0
2021-08-20,23.43,,96681.0
2021-08-23,25.13,,27750.0
2021-08-24,25.05,,12084.0
2021-08-25,24.87,,8270.0
2021-08-26,25.15,,27789.0
2021-08-27,26.65,,24306.0
2021-08-30,26.12,,17868.0
2021-08-31,26.26,,10120.0
2021-09-01,25.58,,9014.0
2021-09-02,25.39,,10624.0
2021-09-03,25.0,,15111.0
2021-09-07,24.74,,17946.0
2021-09-08,24.99,,18099.0
2021-09-09,24.69,,18957.0
2021-09-10,24.26,,13607.0
2021-09-13,24.25,,16406.0
2021-09-14,23.06,,14567.0
2021-09-15,23.99,,16792.0
2021-09-16,24.4,,21270.0
2021-09-17,25.66,,85070.0
2021-09-20,24.39,,25348.0
2021-09-21,24.29,,5937.0
2021-09-22,24.41,,15318.0
2021-09-23,25.46,,24755.0
2021-09-24,26.16,,12066.0
2021-09-27,26.81,,17636.0
2021-09-28,26.04,,14122.0
2021-09-29,26.83,,10927.0
2021-09-30,26.44,,13170.0
2021-10-01,26.66,,20955.0
2021-10-04,26.14,,12761.0
2021-10-05,27.31,,13908.0
2021-10-06,27.22,,8217.0
2021-10-07,27.73,,11742.0
2021-10-08,27.26,,3442.0
2021-10-11,26.74,,6501.0
2021-10-12,27.46,,7128.0
2021-10-13,27.96,,7078.0
2021-10-14,28.14,,12538.0
2021-10-15,27.88,,31608.0
2021-10-18,28.4,,7383.0
2021-10-19,26.45,,19799.0
2021-10-20,26.56,,12252.0
2021-10-21,26.71,,8048.0
2021-10-22,26.99,,8695.0
2021-10-25,28.01,,10219.0
2021-10-26,28.05,,19551.0
2021-10-27,27.81,,14821.0
2021-10-28,29.1,,4340.0
2021-10-29,27.96,,13441.0
2021-11-01,29.12,,16175.0
2021-11-02,30.29,,15209.0
2021-11-03,30.86,,20537.0
2021-11-04,30.77,,24464.0
2021-11-05,33.46,,45526.0
2021-11-08,32.99,,61036.0
2021-11-09,32.35,,10405.0
2021-11-10,32.31,,18251.0
2021-11-11,32.26,,8857.0
2021-11-12,31.29,,8301.0
2021-11-15,31.57,,27281.0
2021-11-16,31.27,,24220.0
2021-11-17,29.81,,17364.0
2021-11-18,28.54,,42555.0
2021-11-19,29.05,,33444.0
2021-11-22,29.19,,29525.0
2021-11-23,29.07,,25000.0
2021-11-24,29.46,,17757.0
2021-11-26,27.36,,23683.0
2021-11-29,27.32,,30682.0
2021-11-30,26.66,,69065.0
2021-12-01,27.78,,31716.0
2021-12-02,28.31,,17649.0
2021-12-03,27.25,,12489.0
2021-12-06,27.92,,22705.0
2021-12-07,27.99,,22450.0
2021-12-08,28.01,,7897.0
2021-12-09,26.56,,39567.0
2021-12-10,26.33,,31872.0
2021-12-13,25.58,,44151.0
2021-12-14,24.53,,96199.0
2021-12-15,24.37,,100208.0
2021-12-16,24.56,,192076.0
2021-12-17,24.53,,157510.0
2021-12-20,25.56,,59138.0
2021-12-21,25.37,,25099.0
2021-12-22,25.57,,19545.0
2021-12-23,26.24,,38332.0
2021-12-27,26.21,,10146.0
2021-12-28,26.22,,14948.0
2021-12-29,26.37,,17874.0
2021-12-30,25.83,,17175.0
2021-12-31,26.0,,19580.0
2022-01-03,25.91,,21936.0
2022-01-04,26.19,,44909.0
2022-01-05,25.85,,24142.0
2022-01-06,26.6,,35288.0
2022-01-07,26.47,,13192.0
2022-01-10,26.22,,10356.0
2022-01-11,26.17,,24855.0
2022-01-12,25.99,,33105.0
2022-01-13,26.28,,23426.0
2022-01-14,26.21,,20107.0
2022-01-18,25.6,,27037.0
2022-01-19,25.05,,15781.0
2022-01-20,24.84,,25498.0
2022-01-21,24.78,,26923.0
2022-01-24,25.31,,23567.0
2022-01-25,25.08,,14292.0
2022-01-26,24.29,,20605.0
2022-01-27,25.09,,26674.0
2022-01-28,25.21,,25005.0
2022-01-31,25.06,,20136.0
2022-02-01,25.04,,37446.0
2022-02-02,25.07,,34651.0
2022-02-03,25.23,,23569.0
2022-02-04,25.33,,15105.0
2022-02-07,25.79,,22491.0
2022-02-08,26.01,,30152.0
2022-02-09,25.38,,51357.0
2022-02-10,25.63,,37912.0
2022-02-11,26.02,,19504.0
2022-02-14,25.92,,12256.0
2022-02-15,26.5,,20219.0
2022-02-16,26.74,,13598.0
2022-02-17,26.47,,39640.0
2022-02-18,26.33,,23557.0
2022-02-22,25.65,,24446.0
2022-02-23,25.47,,32251.0
2022-02-24,25.11,,22439.0
2022-02-25,25.72,,22912.0
2022-02-28,25.47,,29865.0
2022-03-01,25.27,,45452.0
2022-03-02,25.96,,19538.0
2022-03-03,26.03,,12450.0
2022-03-04,25.55,,12094.0
2022-03-07,25.22,,34118.0
2022-03-08,25.13,,22340.0
2022-03-09,25.56,,23061.0
2022-03-10,25.41,,12130.0
2022-03-11,25.57,,19580.0
2022-03-14,25.26,,17815.0
2022-03-15,25.44,,17300.0
2022-03-16,26.11,,27486.0
2022-03-17,26.12,,21665.0
2022-03-18,26.31,,66372.0
2022-03-21,25.92,,15084.0
2022-03-22,26.47,,16578.0
2022-03-23,25.09,,14497.0
2022-03-24,25.55,,11893.0
2022-03-25,25.74,,20477.0
2022-03-28,25.02,,24811.0
2022-03-29,25.59,,20163.0
2022-03-30,24.7,,39778.0
2022-03-31,24.52,,30907.0
2022-04-01,24.33,,18131.0
2022-04-04,24.03,,15917.0
2022-04-05,24.03,,29364.0
2022-04-06,23.7,,18128.0
2022-04-07,23.89,,16422.0
2022-04-08,23.11,,17688.0
2022-04-11,22.74,,17132.0
2022-04-12,22.93,,15800.0
2022-04-13,23.35,,15431.0
2022-04-14,22.86,,17578.0
2022-04-18,22.64,,15784.0
2022-04-19,23.5,,13186.0
2022-04-20,23.51,,15838.0
2022-04-21,23.24,,12336.0
2022-04-22,22.91,,10676.0
2022-04-25,22.82,,24955.0
2022-04-26,21.92,,22998.0
2022-04-27,22.12,,18857.0
2022-04-28,23.43,,26638.0
2022-04-29,22.43,,20269.0
2022-05-02,22.02,,29603.0
2022-05-03,22.64,,20859.0
2022-05-04,23.61,,22367.0
2022-05-05,22.34,,31329.0
2022-05-06,23.03,,196524.0
2022-05-09,23.04,,92097.0
2022-05-10,22.8,,64892.0
2022-05-11,22.74,,57080.0
2022-05-12,23.16,,54321.0
2022-05-13,22.24,,28361.0
2022-05-16,21.73,,20314.0
2022-05-17,22.89,,19442.0
2022-05-18,21.85,,18403.0
2022-05-19,21.09,,33551.0
2022-05-20,21.84,,28639.0
2022-05-23,22.73,,20717.0
2022-05-24,22.82,,21264.0
2022-05-25,22.66,,16835.0
2022-05-26,22.53,,21051.0
2022-05-27,22.68,,16264.0
2022-05-31,22.28,,21287.0
2022-06-01,22.12,,16440.0
2022-06-02,22.62,,17890.0
2022-06-03,22.27,,18047.0
2022-06-06,21.78,,31146.0
2022-06-07,21.85,,30974.0
2022-06-08,21.15,,31823.0
2022-06-09,21.54,,28753.0
2022-06-10,20.69,,17019.0
2022-06-13,19.84,,23292.0
2022-06-14,20.47,,30366.0
2022-06-15,20.38,,24007.0
2022-06-16,20.07,,43111.0
2022-06-17,21.07,,87825.0
2022-06-21,21.32,,31150.0
2022-06-22,20.66,,33357.0
2022-06-23,20.94,,35205.0
2022-06-24,21.53,,81453.0
2022-06-27,21.37,,17938.0
2022-06-28,21.02,,16944.0
2022-06-29,20.93,,13545.0
2022-06-30,20.87,,11672.0
2022-07-01,20.76,,19134.0
2022-07-05,20.86,,19125.0
2022-07-06,20.66,,20776.0
2022-07-07,20.4,,18824.0
2022-07-08,20.15,,27124.0
2022-07-11,20.25,,15533.0
2022-07-12,20.06,,19793.0
2022-07-13,20.05,,27484.0
2022-07-14,19.52,,21577.0
2022-07-15,19.81,,27581.0
2022-07-18,19.75,,25149.0
2022-07-19,19.76,,43908.0
2022-07-20,19.82,,21107.0
2022-07-21,20.06,,18114.0
2022-07-22,19.75,,29838.0
2022-07-25,19.68,,15246.0
2022-07-26,19.66,,15734.0
2022-07-27,19.06,,86296.0
2022-07-28,20.64,,163272.0
2022-07-29,21.7,,69522.0
2022-08-01,21.94,,26016.0
2022-08-02,21.48,,17367.0
2022-08-03,21.56,,11890.0
2022-08-04,21.68,,13403.0
2022-08-05,21.63,,12752.0
2022-08-08,21.7,,20613.0
2022-08-09,21.46,,12653.0
2022-08-10,21.69,,25505.0
2022-08-11,21.66,,11200.0
2022-08-12,22.14,,26977.0
2022-08-15,22.06,,28609.0
2022-08-16,22.04,,59076.0
2022-08-17,20.83,,77045.0
2022-08-18,21.6,,25568.0
2022-08-19,21.5,,36742.0
2022-08-22,21.58,,70428.0
2022-08-23,21.21,,23808.0
2022-08-24,21.36,,21825.0
2022-08-25,21.74,,17324.0
2022-08-26,21.08,,15688.0
2022-08-29,20.83,,28146.0
2022-08-30,20.99,,20040.0
2022-08-31,20.82,,30656.0
2022-09-01,20.62,,29404.0
2022-09-02,20.37,,20747.0
2022-09-06,20.11,,26972.0
2022-09-07,20.58,,28209.0
2022-09-08,20.86,,21344.0
2022-09-09,21.15,,26240.0
2022-09-12,21.35,,23277.0
2022-09-13,20.47,,41020.0
2022-09-14,20.66,,72224.0
2022-09-15,20.69,,102014.0
2022-09-16,20.14,,201407.0
2022-09-19,20.87,,70113.0
2022-09-20,20.81,,68645.0
2022-09-21,20.62,,33959.0
2022-09-22,20.31,,26718.0
2022-09-23,19.65,,47488.0
2022-09-26,19.63,,59115.0
2022-09-27,19.05,,44277.0
2022-09-28,19.39,,52894.0
2022-09-29,19.31,,43037.0
2022-09-30,19.34,,42334.0
2022-10-03,19.54,,29047.0
2022-10-04,20.18,,35514.0
2022-10-05,19.92,,17152.0
2022-10-06,19.7,,16625.0
2022-10-07,19.3,,21671.0
2022-10-10,18.7,,36641.0
2022-10-11,18.54,,24194.0
2022-10-12,18.79,,17084.0
2022-10-13,19.64,,32975.0
2022-10-14,19.27,,20695.0
2022-10-17,19.66,,22415.0
2022-10-18,19.65,,22658.0
2022-10-19,19.65,,33493.0
2022-10-20,18.85,,21517.0
2022-10-21,19.16,,29805.0
2022-10-24,19.32,,14200.0
2022-10-25,19.54,,25488.0
2022-10-26,19.42,,27055.0
2022-10-27,19.06,,17066.0
2022-10-28,19.5,,30063.0
2022-10-31,19.54,,29870.0
2022-11-01,19.24,,14584.0
2022-11-02,18.86,,26069.0
2022-11-03,18.43,,16285.0
2022-11-04,18.94,,23172.0
2022-11-07,18.94,,20306.0
2022-11-08,18.93,,27352.0
2022-11-09,19.01,,150747.0
2022-11-10,21.19,,62219.0
2022-11-11,20.49,,44275.0
2022-11-14,20.23,,23159.0
2022-11-15,20.27,,24041.0
2022-11-16,20.25,,19318.0
2022-11-17,20.4,,22540.0
2022-11-18,20.59,,28355.0
2022-11-21,20.65,,15507.0
2022-11-22,20.79,,12193.0
2022-11-23,20.89,,15380.0
2022-11-25,20.7,,3470.0
2022-11-28,20.74,,15970.0
2022-11-29,20.59,,16789.0
2022-11-30,20.9,,37580.0
2022-12-01,20.75,,18749.0
2022-12-02,20.43,,34104.0
2022-12-05,20.09,,21009.0
2022-12-06,20.28,,93794.0
2022-12-07,20.3,,17805.0
2022-12-08,20.43,,13108.0
2022-12-09,20.39,,17157.0
2022-12-12,20.59,,18721.0
2022-12-13,20.78,,84710.0
2022-12-14,20.39,,33386.0
2022-12-15,20.09,,27672.0
2022-12-16,20.26,,171926.0
2022-12-19,20.24,,39495.0
2022-12-20,20.29,,22566.0
2022-12-21,20.69,,30053.0
2022-12-22,20.54,,25622.0
2022-12-23,20.71,,13580.0
2022-12-27,20.24,,44033.0
2022-12-28,20.22,,20968.0
2022-12-29,20.56,,39402.0
2022-12-30,20.77,,65337.0
2023-01-03,19.94,,46024.0
2023-01-04,20.03,,24821.0
2023-01-05,19.61,,14958.0
2023-01-06,20.4,,18748.0
2023-01-09,20.22,,13489.0
2023-01-10,20.6,,24723.0
2023-01-11,20.87,,18182.0
2023-01-12,20.97,,24155.0
2023-01-13,20.97,,19966.0
2023-01-17,20.71,,17744.0
2023-01-18,20.27,,10261.0
2023-01-19,19.86,,21406.0
2023-01-20,20.23,,22099.0
2023-01-23,20.39,,20112.0
2023-01-24,20.16,,15654.0
2023-01-25,19.92,,17491.0
2023-01-26,17.42,,169795.0
2023-01-27,17.44,,33936.0
2023-01-30,17.26,,35739.0
2023-01-31,18.0,,27956.0
2023-02-01,17.5,,51272.0
2023-02-02,17.9,,69553.0
2023-02-03,18.2,,23139.0
2023-02-06,17.7,,24452.0
2023-02-07,17.7,,37030.0
2023-02-08,17.53,,36036.0
2023-02-09,17.19,,15641.0
2023-02-10,17.32,,22682.0
2023-02-13,17.48,,29591.0
2023-02-14,17.31,,24202.0
2023-02-15,17.51,,14607.0
2023-02-16,17.47,,27548.0
2023-02-17,17.67,,21166.0
2023-02-21,17.16,,54948.0
2023-02-22,17.34,,22919.0
2023-02-23,17.21,,14601.0
2023-02-24,17.3,,15552.0
2023-02-27,17.32,,12905.0
2023-02-28,17.42,,34052.0
2023-03-01,17.3,,14267.0
2023-03-02,17.31,,19837.0
2023-03-03,17.3,,30256.0
2023-03-06,16.91,,78785.0
2023-03-07,16.54,,29768.0
2023-03-08,16.63,,41684.0
2023-03-09,16.09,,45175.0
2023-03-10,15.31,,69527.0
2023-03-13,14.01,,124111.0
2023-03-14,14.03,,98563.0
2023-03-15,14.19,,98436.0
2023-03-16,14.71,,67249.0
2023-03-17,14.04,,75721.0
2023-03-20,14.29,,51324.0
2023-03-21,14.63,,52060.0
2023-03-22,14.0,,36610.0
2023-03-23,13.76,,43498.0
2023-03-24,13.88,,98048.0
2023-03-27,13.91,,59745.0
2023-03-28,13.85,,48475.0
2023-03-29,13.77,,29337.0
2023-03-30,13.23,,41785.0
2023-03-31,13.65,,76220.0
2023-04-03,13.69,,32713.0
2023-04-04,13.4,,21579.0
2023-04-05,13.4,,20191.0
2023-04-06,13.67,,15551.0
2023-04-10,13.62,,30769.0
2023-04-11,13.78,,15513.0
2023-04-12,13.59,,29412.0
2023-04-13,13.42,,48348.0
2023-04-14,13.14,,36008.0
2023-04-17,13.34,,31172.0
2023-04-18,13.2,,38531.0
2023-04-19,13.23,,24125.0
2023-04-20,13.26,,19350.0
2023-04-21,13.08,,16256.0
2023-04-24,12.97,,25155.0
2023-04-25,12.32,,32871.0
2023-04-26,11.69,,43453.0
2023-04-27,12.37,,51473.0
2023-04-28,11.99,,29053.0
2023-05-01,11.94,,36330.0
2023-05-02,11.53,,57923.0
2023-05-03,11.3,,30271.0
2023-05-04,11.21,,47913.0
2023-05-05,11.5,,39814.0
2023-05-08,11.12,,30013.0
2023-05-09,11.23,,26108.0
2023-05-10,11.19,,35102.0
2023-05-11,11.38,,28787.0
2023-05-12,11.62,,30445.0
2023-05-15,11.92,,24848.0
2023-05-16,11.79,,26228.0
2023-05-17,12.24,,43068.0
2023-05-18,12.46,,43447.0
2023-05-19,12.41,,38771.0
2023-05-22,13.6,,69459.0
2023-05-23,14.16,,60039.0
2023-05-24,14.05,,53958.0
2023-05-25,13.97,,36931.0
2023-05-26,14.33,,33599.0
2023-05-30,14.73,,53963.0
2023-05-31,14.27,,28445.0
2023-06-01,14.32,,43133.0
2023-06-02,15.44,,62621.0
2023-06-05,14.86,,40558.0
2023-06-06,16.02,,74035.0
2023-06-07,16.64,,78923.0
2023-06-08,16.23,,33228.0
2023-06-09,16.04,,24260.0
2023-06-12,15.8,,36153.0
2023-06-13,15.95,,52441.0
2023-06-14,15.64,,36404.0
2023-06-15,16.1,,62474.0
2023-06-16,17.14,,314253.0
2023-06-20,16.37,,53074.0
2023-06-21,16.28,,45652.0
2023-06-22,16.06,,34307.0
2023-06-23,15.77,,404798.0
2023-06-26,16.12,,67974.0
2023-06-27,16.07,,41500.0
2023-06-28,16.06,,36026.0
2023-06-29,16.26,,31769.0
2023-06-30,15.77,,29912.0
2023-07-03,16.25,,20475.0
2023-07-05,15.66,,33136.0
2023-07-06,15.14,,35870.0
2023-07-07,15.62,,86682.0
2023-07-10,15.42,,45833.0
2023-07-11,15.39,,26315.0
2023-07-12,16.1,,44174.0
2023-07-13,16.19,,47752.0
2023-07-14,16.16,,37966.0
2023-07-17,16.36,,37455.0
2023-07-18,16.66,,31015.0
2023-07-19,16.89,,31710.0
2023-07-20,17.03,,29288.0
2023-07-21,16.42,,25136.0
2023-07-24,17.05,,22687.0
2023-07-25,17.02,,66184.0
2023-07-26,17.22,,48566.0
2023-07-27,17.38,,80619.0
2023-07-28,17.54,,21454.0
2023-07-31,17.57,,20039.0
2023-08-01,17.72,,23926.0
2023-08-02,17.55,,30980.0
2023-08-03,17.41,,24154.0
2023-08-04,17.58,,27619.0
2023-08-07,18.05,,21127.0
2023-08-08,18.04,,16105.0
2023-08-09,17.5,,18158.0
2023-08-10,17.33,,92092.0
2023-08-11,17.07,,41574.0
2023-08-14,17.02,,22421.0
2023-08-15,16.57,,30998.0
2023-08-16,16.2,,22969.0
2023-08-17,16.63,,17645.0
2023-08-18,16.61,,17700.0
2023-08-21,16.3,,9129.0
2023-08-22,16.08,,16271.0
2023-08-23,16.33,,17689.0
2023-08-24,16.27,,23718.0
2023-08-25,16.44,,16190.0
2023-08-28,16.56,,15818.0
2023-08-29,16.85,,19536.0
2023-08-30,16.91,,19609.0
2023-08-31,17.29,,25609.0
2023-09-01,17.94,,27113.0
2023-09-05,17.75,,37324.0
2023-09-06,17.47,,36159.0
2023-09-07,16.99,,89406.0
2023-09-08,15.78,,38988.0
2023-09-11,16.27,,15735.0
2023-09-12,16.67,,29278.0
2023-09-13,16.29,,15499.0
2023-09-14,16.96,,20687.0
2023-09-15,16.6,,85942.0
2023-09-18,15.87,,23573.0
2023-09-19,16.04,,10284.0
2023-09-20,15.77,,13602.0
2023-09-21,15.81,,20842.0
2023-09-22,15.72,,16937.0
2023-09-25,16.05,,15302.0
2023-09-26,15.85,,20606.0
2023-09-27,16.08,,31413.0
2023-09-28,15.98,,13300.0
2023-09-29,16.16,,40645.0
2023-10-02,15.75,,26987.0
2023-10-03,15.29,,22300.0
2023-10-04,15.52,,35742.0
2023-10-05,15.62,,29477.0
2023-10-06,15.73,,38400.0
2023-10-09,15.82,,32854.0
2023-10-10,16.18,,19872.0
2023-10-11,16.37,,22653.0
2023-10-12,16.03,,19614.0
2023-10-13,15.46,,37229.0
2023-10-16,15.66,,43808.0
2023-10-17,16.05,,36555.0
2023-10-18,15.74,,27418.0
2023-10-19,15.68,,20978.0
2023-10-20,15.66,,28136.0
2023-10-23,15.78,,39641.0
2023-10-24,15.5,,17820.0
2023-10-25,15.45,,33064.0
2023-10-26,15.74,,30998.0
2023-10-27,15.33,,26535.0
2023-10-30,15.21,,27792.0
2023-10-31,15.29,,32686.0
2023-11-01,15.38,,54495.0
2023-11-02,15.99,,54648.0
2023-11-03,16.0,,71039.0
2023-11-06,15.81,,19866.0
2023-11-07,15.84,,41035.0
2023-11-08,15.56,,34672.0
2023-11-09,15.4,,31371.0
2023-11-10,15.48,,44882.0
2023-11-13,15.61,,30833.0
2023-11-14,17.1,,91560.0
2023-11-15,17.23,,45156.0
2023-11-16,16.99,,19040.0
2023-11-17,17.01,,31523.0
2023-11-20,16.69,,19399.0
2023-11-21,16.36,,14426.0
2023-11-22,16.46,,13196.0
2023-11-24,16.6,,6121.0
2023-11-27,16.54,,18767.0
2023-11-28,16.1,,11676.0
2023-11-29,16.3,,14147.0
2023-11-30,16.25,,17412.0
2023-12-01,16.72,,38853.0
2023-12-04,16.81,,53626.0
2023-12-05,16.68,,22329.0
2023-12-06,16.79,,55400.0
2023-12-07,17.11,,26629.0
2023-12-08,17.04,,26637.0
2023-12-11,17.06,,37764.0
2023-12-12,17.17,,37691.0
2023-12-13,18.85,,126584.0
2023-12-14,19.23,,123450.0
2023-12-15,20.53,,227773.0
2023-12-18,19.89,,63779.0
2023-12-19,20.04,,58626.0
2023-12-20,19.9,,68542.0
2023-12-21,20.37,,95423.0
2023-12-22,20.48,,113163.0
2023-12-26,20.87,,69859.0
2023-12-27,20.98,,44270.0
2023-12-28,20.73,,24168.0
2023-12-29,20.56,,62652.0
2024-01-02,20.26,,57527.0
2024-01-03,19.77,,47054.0
2024-01-04,19.87,,38905.0
2024-01-05,19.65,,79498.0
2024-01-08,19.75,,61274.0
2024-01-09,19.57,,34073.0
2024-01-10,19.74,,49478.0
2024-01-11,19.58,,43356.0
2024-01-12,19.23,,37760.0
2024-01-16,18.79,,37241.0
2024-01-17,18.88,,36597.0
2024-01-18,19.06,,22301.0
2024-01-19,19.21,,27594.0
2024-01-22,19.88,,33311.0
2024-01-23,19.83,,32690.0
2024-01-24,19.91,,27967.0
2024-01-25,21.18,,134590.0
2024-01-26,21.59,,31299.0
2024-01-29,22.17,,42133.0
2024-01-30,22.67,,161450.0
2024-01-31,20.88,,59591.0
2024-02-01,21.45,,131897.0
2024-02-02,20.68,,33443.0
2024-02-05,20.42,,60469.0
2024-02-06,20.4,,74422.0
2024-02-07,20.22,,42883.0
2024-02-08,20.41,,39301.0
2024-02-09,20.66,,28189.0
2024-02-12,21.34,,53673.0
2024-02-13,19.78,,53482.0
2024-02-14,20.04,,33436.0
2024-02-15,21.15,,64463.0
2024-02-16,21.03,,35543.0
2024-02-20,20.42,,13482.0
2024-02-21,20.41,,17664.0
2024-02-22,19.89,,32233.0
2024-02-23,19.9,,12539.0
2024-02-26,20.01,,28538.0
2024-02-27,19.95,,31689.0
2024-02-28,19.72,,20826.0
2024-02-29,19.98,,49180.0
2024-03-01,19.87,,38074.0
2024-03-04,20.15,,51370.0
2024-03-05,20.17,,40004.0
2024-03-06,20.17,,37736.0
2024-03-07,20.17,,45326.0
2024-03-08,20.29,,27072.0
2024-03-11,20.17,,35149.0
2024-03-12,20.43,,35000.0
2024-03-13,20.34,,45624.0
2024-03-14,19.78,,45479.0
2024-03-15,19.48,,114196.0
2024-03-18,19.18,,32961.0
2024-03-19,19.28,,14280.0
2024-03-20,20.27,,27531.0
2024-03-21,20.34,,36443.0
2024-03-22,19.7,,16704.0
2024-03-25,19.81,,14905.0
2024-03-26,19.48,,24760.0
2024-03-27,20.08,,34339.0
2024-03-28,20.19,,32962.0
2024-04-01,19.75,,17603.0
2024-04-02,19.3,,19006.0
2024-04-03,19.44,,24037.0
2024-04-04,19.29,,26732.0
2024-04-05,19.21,,13584.0
2024-04-08,19.44,,8728.0
2024-04-09,19.21,,11075.0
2024-04-10,18.26,,52241.0
2024-04-11,18.33,,21564.0
2024-04-12,18.36,,34149.0
2024-04-15,18.3,,29899.0
2024-04-16,18.31,,26202.0
2024-04-17,18.28,,22658.0
2024-04-18,18.26,,37383.0
2024-04-19,19.11,,81598.0
2024-04-22,19.5,,16406.0
2024-04-23,19.34,,22703.0
2024-04-24,19.36,,30425.0
2024-04-25,18.9,,79003.0
2024-04-26,18.66,,24403.0
2024-04-29,18.4,,50051.0
2024-04-30,18.06,,58207.0
2024-05-01,18.15,,47689.0
2024-05-02,18.15,,41874.0
2024-05-03,18.32,,35800.0
2024-05-06,18.43,,60408.0
2024-05-07,18.54,,199509.0
2024-05-08,18.61,,86164.0
2024-05-09,18.8,,52057.0
2024-05-10,18.73,,25358.0
2024-05-13,18.9,,19315.0
2024-05-14,19.05,,25930.0
2024-05-15,18.09,,241445.0
2024-05-16,18.1,,196037.0
2024-05-17,18.11,,114688.0
2024-05-20,17.9,,81201.0
2024-05-21,18.04,,51328.0
2024-05-22,17.63,,62408.0
2024-05-23,17.61,,58200.0
2024-05-24,17.89,,95846.0
2024-05-28,17.6,,86620.0
2024-05-29,17.09,,60475.0
2024-05-30,17.54,,48763.0
2024-05-31,17.7,,45192.0
2024-06-03,17.62,,51765.0
2024-06-04,17.53,,63364.0
2024-06-05,17.56,,67392.0
2024-06-06,17.37,,31650.0
2024-06-07,17.13,,51651.0
2024-06-10,16.91,,28508.0
2024-06-11,17.1,,133886.0
2024-06-12,17.08,,74311.0
2024-06-13,17.16,,50712.0
2024-06-14,16.94,,27480.0
2024-06-17,17.06,,24765.0
2024-06-18,17.25,,42487.0
2024-06-20,17.09,,36457.0
2024-06-21,16.79,,80631.0
2024-06-24,16.95,,101072.0
2024-06-25,17.12,,25543.0
2024-06-26,17.0,,45459.0
2024-06-27,16.94,,81477.0
2024-06-28,18.17,,426042.0
2024-07-01,17.89,,65160.0
2024-07-02,18.1,,25286.0
2024-07-03,17.66,,9401.0
2024-07-05,17.1,,39849.0
2024-07-08,17.3,,25079.0
2024-07-09,17.48,,14198.0
2024-07-10,17.91,,37388.0
2024-07-11,19.18,,78382.0
2024-07-12,19.0,,41864.0
2024-07-15,19.79,,66444.0
2024-07-16,20.42,,106786.0
2024-07-17,20.55,,68253.0
2024-07-18,20.08,,46217.0
2024-07-19,20.0,,20449.0
2024-07-22,20.83,,65072.0
2024-07-23,20.83,,64751.0
2024-07-24,20.5,,66189.0
2024-07-25,20.56,,46073.0
2024-07-26,20.65,,78915.0
2024-07-29,20.76,,60560.0
2024-07-30,20.85,,34353.0
2024-07-31,21.01,,140585.0
2024-08-01,20.06,,58582.0
2024-08-02,19.47,,59538.0
2024-08-05,18.56,,45759.0
2024-08-06,19.04,,47602.0
2024-08-07,18.97,,59528.0
2024-08-08,19.4,,25413.0
2024-08-09,19.52,,53195.0
2024-08-12,19.21,,37633.0
2024-08-13,19.55,,35330.0
2024-08-14,19.43,,30695.0
2024-08-15,19.88,,32392.0
2024-08-16,20.31,,29493.0
2024-08-19,20.41,,27545.0
2024-08-20,19.95,,31810.0
2024-08-21,20.05,,16325.0
2024-08-22,20.09,,17288.0
2024-08-23,21.04,,51209.0
2024-08-26,20.63,,69104.0
2024-08-27,20.65,,22125.0
2024-08-28,20.79,,24973.0
2024-08-29,21.06,,22164.0
2024-08-30,21.01,,17552.0
2024-09-03,20.82,,28070.0
2024-09-04,20.1,,42875.0
2024-09-05,20.0,,15690.0
2024-09-06,19.81,,28992.0
2024-09-09,19.88,,40709.0
2024-09-10,19.88,,29436.0
2024-09-11,19.6,,31183.0
2024-09-12,19.68,,16375.0
2024-09-13,20.28,,29439.0
2024-09-16,20.33,,42484.0
2024-09-17,20.7,,50201.0
2024-09-18,21.2,,57764.0
2024-09-19,21.59,,33763.0
2024-09-20,20.82,,122831.0
2024-09-23,20.57,,28401.0
2024-09-24,20.59,,22979.0
2024-09-25,20.58,,32331.0
2024-09-26,20.69,,28093.0
2024-09-27,21.07,,70220.0
2024-09-30,21.64,,71141.0
2024-10-01,20.72,,63793.0
2024-10-02,20.82,,42770.0
2024-10-03,20.86,,32212.0
2024-10-04,21.45,,59575.0
2024-10-07,21.55,,51377.0
2024-10-08,21.66,,159500.0
2024-10-09,21.04,,1002825.0
2024-10-10,21.46,,276410.0
2024-10-11,21.99,,155866.0
2024-10-14,22.29,,84618.0
2024-10-15,22.49,,117725.0
2024-10-16,22.91,,95598.0
2024-10-17,23.12,,52656.0
2024-10-18,22.92,,84568.0
2024-10-21,22.11,,79356.0
2024-10-22,22.25,,40320.0
2024-10-23,22.41,,51170.0
2024-10-24,22.33,,48969.0
2024-10-25,21.98,,54298.0
2024-10-28,22.65,,72455.0
2024-10-29,22.44,,50132.0
2024-10-30,19.16,,131813.0
2024-10-31,18.99,,83516.0
2024-11-01,18.88,,79689.0
2024-11-04,18.84,,54872.0
2024-11-05,19.67,,75925.0
2024-11-06,21.09,,236432.0
2024-11-07,20.99,,84368.0
2024-11-08,21.44,,62306.0
2024-11-11,21.93,,77663.0
2024-11-12,21.95,,90888.0
2024-11-13,21.4,,101023.0
2024-11-14,20.91,,49517.0
2024-11-15,20.85,,113927.0
2024-11-18,20.58,,44153.0
2024-11-19,20.46,,35356.0
2024-11-20,20.26,,64283.0
2024-11-21,20.65,,70913.0
2024-11-22,20.87,,44408.0
2024-11-25,20.9,,58474.0
2024-11-26,20.74,,132125.0
2024-11-27,20.65,,79591.0
2024-11-29,20.8,,33853.0
2024-12-02,20.98,,49621.0
2024-12-03,20.56,,49343.0
2024-12-04,20.59,,57648.0
2024-12-05,20.63,,34561.0
2024-12-06,20.67,,32134.0
2024-12-09,20.49,,38048.0
2024-12-10,20.83,,72654.0
2024-12-11,20.78,,287049.0
2024-12-12,20.6,,50068.0
2024-12-13,20.8,,67554.0
2024-12-16,20.68,,83722.0
2024-12-17,20.19,,77680.0
2024-12-18,18.985,,93067.0
2024-12-19,18.58,,161200.0
2024-12-20,18.75,,294214.0
2024-12-23,18.54,,49342.0
2024-12-24,18.46,,36318.0
2024-12-26,18.53,,93853.0
2024-12-27,18.18,,66292.0
2024-12-30,17.99,,29505.0
2024-12-31,18.2,,101889.0
2025-01-02,18.1,,92882.0
2025-01-03,18.19,,84369.0
2025-01-06,17.96,,65474.0
2025-01-07,17.91,,74873.0
2025-01-08,17.92,,47544.0
2025-01-10,17.46,,138550.0
2025-01-13,17.66,,59460.0
2025-01-14,18.24,,89848.0
2025-01-15,18.45,,125709.0
2025-01-16,18.34,,127806.0
2025-01-17,18.58,,234772.0
2025-01-21,19.25,,96671.0
2025-01-22,19.1,,74012.0
2025-01-23,18.89,,63809.0
2025-01-24,18.79,,33653.0
2025-01-27,19.18,,92790.0
2025-01-28,19.14,,39684.0
2025-01-29,19.91,,113934.0
2025-01-30,20.33,,83893.0
2025-01-31,20.1,,83975.0
2025-02-03,20.28,,161165.0
2025-02-04,20.68,,54269.0
2025-02-05,20.73,,77842.0
2025-02-06,20.88,,53157.0
2025-02-07,20.58,,44382.0
2025-02-10,20.52,,47299.0
2025-02-11,20.88,,48170.0
2025-02-12,20.34,,52014.0
2025-02-13,20.44,,45642.0
2025-02-14,20.38,,39000.0
2025-02-18,20.78,,169398.0
2025-02-19,20.26,,40039.0
2025-02-20,20.24,,32059.0
2025-02-21,19.59,,138386.0
2025-02-24,19.55,,41019.0
2025-02-25,19.6,,80346.0
2025-02-26,19.38,,54019.0
2025-02-27,19.23,,43970.0
2025-02-28,19.33,,58732.0
2025-03-03,19.26,,58127.0
2025-03-04,18.6,,44005.0
2025-03-05,18.36,,69132.0
2025-03-06,18.34,,40829.0
2025-03-07,18.32,,38690.0
2025-03-10,17.75,,49215.0
2025-03-11,17.52,,56654.0
2025-03-12,17.43,,65861.0
2025-03-13,17.19,,39522.0
2025-03-14,17.45,,85789.0
2025-03-17,17.58,,74331.0
2025-03-18,17.61,,46084.0
2025-03-19,17.75,,108293.0
2025-03-20,17.74,,62140.0
2025-03-21,17.76,,140257.0
2025-03-24,18.0,,59233.0
2025-03-25,17.58,,49260.0
2025-03-26,17.79,,36201.0
2025-03-27,17.86,,34353.0
2025-03-28,17.46,,38974.0
2025-03-31,17.62,,62667.0
2025-04-01,17.59,,36700.0
2025-04-02,17.58,,50627.0
2025-04-03,16.33,,109361.0
2025-04-04,15.76,,148088.0
2025-04-07,15.63,,168441.0
2025-04-08,15.39,,104448.0
2025-04-09,16.04,,144524.0
2025-04-10,15.29,,68396.0
2025-04-11,15.27,,97185.0
2025-04-14,15.6,,70434.0
2025-04-15,15.94,,49902.0
2025-04-16,15.83,,50863.0
2025-04-17,16.16,,71765.0
2025-04-21,15.9,,55455.0
2025-04-22,16.55,,68292.0
2025-04-23,16.83,,63791.0
2025-04-24,17.0,,57188.0
2025-04-25,16.88,,43372.0
2025-04-28,16.92,,49660.0
2025-04-29,19.28,,133124.0
2025-04-30,19.04,,82879.0
2025-05-01,19.26,,92155.0
2025-05-02,19.8,,106842.0
2025-05-05,20.13,,108227.0
2025-05-06,20.23,,73910.0
2025-05-07,20.18,,101475.0
2025-05-08,20.38,,88480.0
2025-05-09,20.43,,128442.0
2025-05-12,21.18,,222072.0
2025-05-13,21.48,,81498.0
2025-05-14,21.32,,79701.0
2025-05-15,21.41,,82630.0
2025-05-16,21.16,,90848.0
2025-05-19,21.28,,71094.0
2025-05-20,21.09,,82251.0
2025-05-21,20.4,,89144.0
2025-05-22,20.13,,71395.0
2025-05-23,19.93,,50991.0
2025-05-27,20.25,,53590.0
2025-05-28,20.13,,56302.0
2025-05-29,20.24,,35212.0
2025-05-30,20.17,,86526.0
2025-06-02,20.03,,56359.0
2025-06-03,20.25,,43317.0
2025-06-04,20.09,,65278.0
2025-06-05,20.22,,71476.0
2025-06-06,20.51,,53094.0
2025-06-09,20.67,,56342.0
2025-06-10,20.92,,74647.0
2025-06-11,20.78,,66220.0
2025-06-12,20.73,,53527.0
2025-06-13,20.11,,69697.0
2025-06-16,20.21,,96620.0
2025-06-17,20.08,,63388.0
2025-06-18,20.22,,48944.0
2025-06-20,20.26,,114598.0
2025-06-23,20.8,,63455.0
2025-06-24,21.14,,54280.0
2025-06-25,21.0,,39247.0
2025-06-26,21.42,,43817.0
2025-06-27,21.3,,227936.0
2025-06-30,21.01,,64708.0
2025-07-01,21.54,,153536.0
2025-07-02,21.8,,62889.0
2025-07-03,22.21,,62640.0
2025-07-07,21.78,,77401.0
2025-07-08,21.91,,62078.0
2025-07-09,21.95,,35260.0
2025-07-10,22.1,,65459.0
2025-07-11,21.73,,48514.0
2025-07-14,21.93,,28527.0
2025-07-15,21.19,,69724.0
2025-07-16,21.52,,50669.0
2025-07-17,21.7,,75905.0
2025-07-18,21.43,,50097.0
2025-07-21,21.4,,42204.0
2025-07-22,21.49,,56952.0
2025-07-23,21.63,,46463.0
2025-07-24,21.01,,38576.0
2025-07-25,21.09,,72728.0
2025-07-28,22.44,,191660.0
2025-07-29,21.86,,110014.0
2025-07-30,21.06,,83558.0
2025-07-31,20.51,,99693.0
2025-08-01,19.81,,99103.0
2025-08-04,20.34,,132219.0
2025-08-05,20.35,,91507.0
2025-08-06,20.2,,75148.0
2025-08-07,19.86,,58041.0
2025-08-08,20.11,,80651.0
2025-08-11,20.09,,53687.0
2025-08-12,20.88,,130211.0
2025-08-13,21.33,,116583.0
2025-08-14,21.38,,114079.0
2025-08-15,20.97,,216801.0
2025-08-18,20.93,,51470.0
2025-08-19,20.87,,50212.0
2025-08-20,20.97,,70088.0
2025-08-21,20.81,,51702.0
2025-08-22,21.85,,176525.0
2025-08-25,21.6,,48545.0
2025-08-26,21.82,,42495.0
2025-08-27,21.84,,40648.0
2025-08-28,21.65,,83087.0
2025-08-29,21.64,,49767.0
2025-09-02,22.02,,67192.0
2025-09-03,21.8,,48546.0
2025-09-04,22.17,,46727.0
2025-09-05,21.95,,55962.0
2025-09-08,22.01,,81574.0
2025-09-09,22.005,,70931.0
2025-09-10,21.97,,54997.0
2025-09-11,22.18,,58867.0
2025-09-12,22.08,,60720.0
2025-09-15,21.92,,46508.0
2025-09-16,21.85,,72988.0
2025-09-17,22.12,,92949.0
2025-09-18,22.79,,97227.0
2025-09-19,22.5,,290268.0
2025-09-22,22.33,,92143.0
2025-09-23,22.33,,85513.0
2025-09-24,22.29,,113875.0
2025-09-25,22.12,,75548.0
2025-09-26,22.2,,61502.0
2025-09-29,21.63,,57990.0
2025-09-30,21.72,,102753.0
2025-10-01,21.42,,116951.0
2025-10-02,21.39,,74852.0
2025-10-03,21.6,,79550.0
2025-10-06,21.48,,80619.0
2025-10-07,21.3,,84173.0
2025-10-08,21.18,,59520.0
2025-10-09,21.13,,44654.0
2025-10-10,20.39,,92676.0
2025-10-13,20.91,,73246.0
2025-10-14,21.54,,130412.0
2025-10-15,21.26,,75138.0
2025-10-16,20.48,,83817.0
2025-10-17,20.57,,80418.0
2025-10-20,21.12,,53663.0
2025-10-21,21.12,,30997.0
2025-10-22,21.22,,39211.0
2025-10-23,20.73,,72264.0
2025-10-24,21.27,,39641.0
2025-10-27,21.08,,45821.0
2025-10-28,20.99,,35903.0
2025-10-29,20.55,,85261.0
2025-10-30,20.79,,87711.0
2025-10-31,20.7,,126293.0
2025-11-03,20.7,,54327.0
2025-11-04,20.51,,62089.0
2025-11-05,20.87,,41569.0
2025-11-06,20.63,,36073.0
2025-11-07,20.59,,78328.0
2025-11-10,20.92,,45802.0
2025-11-11,21.41,,56929.0
2025-11-12,21.1,,104225.0
2025-11-13,21.12,,102852.0
2025-11-14,21.3,,51510.0
2025-11-17,20.75,,108699.0
2025-11-18,20.64,,99496.0
2025-11-19,20.69,,52635.0
2025-11-20,20.69,,71656.0
2025-11-21,21.31,,93812.0
2025-11-24,20.99,,59268.0
2025-11-25,21.5,,45667.0
2025-11-26,21.32,,53946.0
2025-11-28,21.12,,32458.0
2025-12-01,21.36,,56793.0
2025-12-02,21.28,,47649.0
2025-12-03,21.71,,95813.0
2025-12-04,21.86,,57275.0
2025-12-05,21.79,,54329.0
2025-12-08,21.67,,121897.0
2025-12-09,22.06,,92364.0
2025-12-10,22.95,,124267.0
2025-12-11,23.15,,103543.0
2025-12-12,23.06,,103921.0
2025-12-15,23.07,,131915.0
2025-12-16,23.04,,68488.0
2025-12-17,22.77,,125517.0
2025-12-18,22.68,,124703.0
2025-12-19,22.24,,188579.0
2025-12-22,21.95,,76879.0
2025-12-23,21.68,,70891.0
2025-12-24,21.66,,41756.0
2025-12-26,21.55,,36706.0
2025-12-29,21.49,,65763.0
2025-12-30,22.11,,195717.0
2025-12-31,22.31,,136047.0
2026-01-02,22.24,,135148.0
2026-01-05,23.15,,227243.0
2026-01-06,23.16,,116435.0
2026-01-07,23.0,,135662.0
2026-01-08,23.6,,196225.0
2026-01-09,23.94,,117172.0
2026-01-12,23.41,,177486.0
2026-01-13,23.4,,114415.0
2026-01-14,23.77,,101199.0
2026-01-15,23.94,,193496.0
2026-01-16,23.73,,121442.0
2026-01-20,23.19,,186973.0
2026-01-21,24.29,,109177.0
2026-01-22,24.59,,143594.0
2026-01-23,23.45,,84671.0
2026-01-26,23.53,,145535.0
2026-01-27,23.76,,153570.0
2026-01-28,23.59,,190327.0
2026-01-29,24.15,,257175.0
2026-01-30,24.41,,185079.0
2026-02-02,24.85,,172220.0
2026-02-03,25.38,,206555.0
2026-02-04,25.83,,160218.0
2026-02-05,25.23,,191916.0
2026-02-06,25.51,,176700.0
2026-02-09,25.38,,152241.0
2026-02-10,25.09,,121397.0
2026-02-11,24.8,,98513.0
2026-02-12,24.95,,116849.0
2026-02-13,25.04,,101272.0
2026-02-17,25.28,,117991.0
2026-02-18,24.8,,117271.0
2026-02-19,24.98,,117070.0
2026-02-20,25.24,,113179.0
2026-02-23,24.255,,155044.0
2026-02-24,24.03,,70195.0
2026-02-25,24.63,,69583.0
2026-02-26,24.69,,110365.0
2026-02-27,23.63,,157828.0
2026-03-02,24.16,,102836.0
2026-03-03,24.18,,119588.0
2026-03-04,24.63,,123329.0
2026-03-05,23.99,,118632.0
2026-03-06,23.67,,146337.0
2026-03-09,23.46,,132099.0
2026-03-10,23.64,,80602.0
2026-03-11,23.47,,84979.0
2026-03-12,23.21,,123496.0
2026-03-13,23.35,,119706.0
2026-03-16,23.46,,93784.0
2026-03-17,23.25,,137877.0
2026-03-18,23.03,,130475.0
2026-03-19,23.22,,124153.0
2026-03-20,23.16,,289611.0
2026-03-23,23.8,,146891.0
2026-03-24,23.88,,113725.0
2026-03-25,23.98,,133079.0
2026-03-26,23.95,,184109.0
2026-03-27,23.57,,80549.0
2026-03-30,23.91,,143841.0
2026-03-31,23.71,,279441.0
2026-04-01,23.61,,148879.0
2026-04-02,23.84,,144781.0
2026-04-06,24.08,,155853.0
2026-04-07,24.36,,161719.0
2026-04-08,24.81,,142701.0
2026-04-09,25.32,,143905.0
2026-04-10,25.5,,208898.0
